{"cameraMode":{"drawMode":0,"name":"Shaded","section":"Shading Mode"},"sceneLighting":false,"audioPlay":false,"sceneViewState":{"m_AlwaysRefresh":false,"showFog":true,"showSkybox":false,"showFlares":true,"showImageEffects":true,"showParticleSystems":true,"showVisualEffectGraphs":true,"m_FxEnabled":true},"in2DMode":false,"pivot":{"x":0.2271537035703659,"y":0.9269651770591736,"z":-1.6829346418380738},"rotation":{"x":0.2968460023403168,"y":-0.24645377695560456,"z":0.07944812625646591,"w":0.9192726016044617},"size":1.0634722709655762,"orthographic":false}