{"cameraMode":{"drawMode":0,"name":"Shaded","section":"Shading Mode"},"sceneLighting":false,"audioPlay":false,"sceneViewState":{"m_AlwaysRefresh":false,"showFog":true,"showSkybox":false,"showFlares":true,"showImageEffects":true,"showParticleSystems":true,"showVisualEffectGraphs":true,"m_FxEnabled":true},"in2DMode":false,"pivot":{"x":0.1021851971745491,"y":1.1787270307540894,"z":-1.7692415714263917},"rotation":{"x":-0.07735763490200043,"y":-0.33228904008865359,"z":-0.027518246322870256,"w":0.9397180676460266},"size":0.8689217567443848,"orthographic":false}