{"cameraMode":{"drawMode":0,"name":"Shaded","section":"Shading Mode"},"sceneLighting":false,"audioPlay":false,"sceneViewState":{"m_AlwaysRefresh":false,"showFog":true,"showSkybox":false,"showFlares":true,"showImageEffects":true,"showParticleSystems":true,"showVisualEffectGraphs":true,"m_FxEnabled":true},"in2DMode":false,"pivot":{"x":-3.7151148319244386,"y":0.4459132254123688,"z":-18.34349822998047},"rotation":{"x":0.11598149687051773,"y":-0.25708767771720889,"z":0.030927525833249093,"w":0.9590222835540772},"size":0.8689217567443848,"orthographic":false}